<?xml version="1.0" encoding="UTF-8"?>
<UMLVirtualMachine>
   <authorName>E M Madhu Babu</authorName>
   <date>March 8, 2005</date>
   <version>1.0</version>
   <URL>http://dssg.cs.umb.edu/umlvm/pipeline</URL>
   <description>A pipeline for UML Virtual Machine</description>
   <logfile>matilda.log</logfile>
   <loglevel>99</loglevel>

  <param>
    <name>uml2resource</name>
    <value>lib/uml2/org.eclipse.uml2.resources_1.1.0.jar</value>
  </param>

  <plugin>
    <plugin-name>Model Loader</plugin-name>
    <plugin-class>edu.umb.cs.umlvm.plugins.frontend.ModelLoader</plugin-class>
    <plugin-input>
        <param-name>Model Filename</param-name>
        <param-value>models/calculator.uml2</param-value>
    </plugin-input>
  </plugin>

  <plugin>
    <plugin-name>UML Metamodel Validator</plugin-name>
    <plugin-class>edu.umb.cs.umlvm.plugins.frontend.UmlMetamodelValidator</plugin-class>
  </plugin>

  <plugin>
     <plugin-name>UML Structure Validator</plugin-name>
     <plugin-class>edu.umb.cs.umlvm.plugins.frontend.UmlvmProfileStructValidator</plugin-class>
  </plugin>


  <plugin>
     <plugin-name>UML Sequence Validator</plugin-name>
     <plugin-class>edu.umb.cs.umlvm.plugins.frontend.UmlvmProfileSeqValidator</plugin-class>
  </plugin>

  <plugin>
    <plugin-name>ClassDiagram to JAST Mapper</plugin-name>
    <plugin-class>edu.umb.cs.umlvm.plugins.backend.ClassDiagramToJastMapper</plugin-class>
  </plugin>

  <plugin>
    <plugin-name>SequenceDiagram to JAST Mapper</plugin-name>
    <plugin-class>edu.umb.cs.umlvm.plugins.backend.SequenceDiagramToJastMapper</plugin-class>
  </plugin>

  <plugin>
    <plugin-name>Jast to Bytecode Mapper</plugin-name>
    <plugin-class>edu.umb.cs.umlvm.plugins.backend.JastToBytecodeMapper</plugin-class>
    <plugin-input>
        <param-name>compiler</param-name>
        <param-value>jdt</param-value>
    </plugin-input>
  </plugin>

  <plugin>
    <plugin-name>Java Executer</plugin-name>
    <plugin-class>edu.umb.cs.umlvm.plugins.backend.JavaExecuter</plugin-class>
    <plugin-input>
        <param-name>arguments</param-name>
        <param-value>3 4 + 2 - 8 x 10 / !</param-value>
    </plugin-input>
  </plugin>

</UMLVirtualMachine>
