<?xml version="1.0"?>
<ADDRESSBOOK>

  <PERSON>
    <LASTNAME>Idris</LASTNAME>
    <FIRSTNAME>Nazmul</FIRSTNAME>
    <COMPANY>The Bean Factory, LLC.</COMPANY>
    <EMAIL>xml@beanfactory.com</EMAIL>
  </PERSON>	

  <PERSON>
    <LASTNAME>Musashi</LASTNAME>
    <FIRSTNAME>Miyamato</FIRSTNAME>
    <COMPANY>Bushido, Inc.</COMPANY>
    <EMAIL>katana@bushido.com</EMAIL>
  </PERSON>	

  <PERSON>
    <LASTNAME>Einstein</LASTNAME>
    <FIRSTNAME>Albert</FIRSTNAME>
    <COMPANY>Hasta Proton, Inc.</COMPANY>
    <EMAIL>hasta@proton.com</EMAIL>
  </PERSON>	

  <PERSON>
    <LASTNAME>Hampton</LASTNAME>
    <FIRSTNAME>Ed</FIRSTNAME>
    <COMPANY>AMAC, Inc</COMPANY>
    <EMAIL>energy@hsingi.com</EMAIL>
  </PERSON>	

</ADDRESSBOOK>